{
  "project_info": {
    "project_number": "1035449138128",
    "firebase_url": "https://creditinfo-52ed1-default-rtdb.firebaseio.com",
    "project_id": "creditinfo-52ed1",
    "storage_bucket": "creditinfo-52ed1.appspot.com"
  },
  "client": [
    {
      "client_info": {
        "mobilesdk_app_id": "1:1035449138128:android:5f0425e4bce084e5c397d5",
        "android_client_info": {
          "package_name": "com.test.creditinfo"
        }
      },
      "oauth_client": [
        {
          "client_id": "1035449138128-3vmrr3jn662k5c2bkoiimslqf7pmcns0.apps.googleusercontent.com",
          "client_type": 1,
          "android_info": {
            "package_name": "com.test.creditinfo",
            "certificate_hash": "e035e864257fed8b05d14cc0abdd01647caeee89"
          }
        },
        {
          "client_id": "1035449138128-c4r41o1fshat1su9oli4uk6fq6sr5etn.apps.googleusercontent.com",
          "client_type": 3
        }
      ],
      "api_key": [
        {
          "current_key": "AIzaSyCLBDf8dCAIhRVnw0j8KiAUYj-zqQMjGxs"
        }
      ],
      "services": {
        "appinvite_service": {
          "other_platform_oauth_client": [
            {
              "client_id": "1035449138128-c4r41o1fshat1su9oli4uk6fq6sr5etn.apps.googleusercontent.com",
              "client_type": 3
            }
          ]
        }
      }
    }
  ],
  "configuration_version": "1"
}